{"v":"5.6.5","fr":30.0003051757812,"ip":0,"op":30.0003051757812,"w":32,"h":32,"nm":"youtube-2","ddd":0,"assets":[],"layers":[{"ddd":0,"ind":1,"ty":4,"nm":"arrow","sr":1,"ks":{"o":{"a":0,"k":100,"ix":11},"r":{"a":0,"k":0,"ix":10},"p":{"a":0,"k":[16,16,0],"ix":2},"a":{"a":0,"k":[12,12,0],"ix":1},"s":{"a":0,"k":[100,100,100],"ix":6}},"ao":0,"hasMask":true,"masksProperties":[{"inv":false,"mode":"a","pt":{"a":1,"k":[{"i":{"x":0.833,"y":0.833},"o":{"x":0.167,"y":0.167},"t":18,"s":[{"i":[[0,0],[0,0],[0,0],[0,0]],"o":[[0,0],[0,0],[0,0],[0,0]],"v":[[2.562,3.96],[2.562,19.42],[23.688,19.46],[23.688,4]],"c":true}]},{"i":{"x":0.833,"y":0.833},"o":{"x":0.167,"y":0.167},"t":19,"s":[{"i":[[0,0],[0,0],[0,0],[0,0]],"o":[[0,0],[0,0],[0,0],[0,0]],"v":[[3.437,4],[3.437,19.46],[23.688,19.46],[23.688,4]],"c":true}]},{"t":20.0002034505208,"s":[{"i":[[0,0],[0,0],[0,0],[0,0]],"o":[[0,0],[0,0],[0,0],[0,0]],"v":[[1.937,3.96],[1.937,19.42],[23.688,19.46],[23.688,4]],"c":true}]}],"ix":1},"o":{"a":0,"k":100,"ix":3},"x":{"a":0,"k":0,"ix":4},"nm":"Mask 1"}],"shapes":[{"ty":"gr","it":[{"ind":0,"ty":"sh","ix":1,"ks":{"a":0,"k":{"i":[[0,0],[0,0],[0,0]],"o":[[0,0],[0,0],[0,0]],"v":[[-2.875,3.27],[2.875,0],[-2.875,-3.27]],"c":true},"ix":2},"nm":"Path 1","mn":"ADBE Vector Shape - Group","hd":false},{"ty":"st","c":{"a":0,"k":[0,0,0,1],"ix":3},"o":{"a":0,"k":100,"ix":4},"w":{"a":0,"k":2,"ix":5},"lc":2,"lj":2,"bm":0,"nm":"Stroke 1","mn":"ADBE Vector Graphic - Stroke","hd":false},{"ty":"tr","p":{"a":1,"k":[{"i":{"x":0.3,"y":1},"o":{"x":0.3,"y":0},"t":15,"s":[-2.375,11.75],"to":[2.5,0],"ti":[-2.5,0]},{"t":30.0003051757812,"s":[12.625,11.75]}],"ix":2},"a":{"a":0,"k":[0,0],"ix":1},"s":{"a":0,"k":[100,100],"ix":3},"r":{"a":0,"k":0,"ix":6},"o":{"a":0,"k":100,"ix":7},"sk":{"a":0,"k":0,"ix":4},"sa":{"a":0,"k":0,"ix":5},"nm":"Transform"}],"nm":"arrowLeft","np":2,"cix":2,"bm":0,"ix":1,"mn":"ADBE Vector Group","hd":false},{"ty":"gr","it":[{"ind":0,"ty":"sh","ix":1,"ks":{"a":0,"k":{"i":[[0,0],[0,0],[0,0]],"o":[[0,0],[0,0],[0,0]],"v":[[-2.875,3.27],[2.875,0],[-2.875,-3.27]],"c":true},"ix":2},"nm":"Path 1","mn":"ADBE Vector Shape - Group","hd":false},{"ty":"st","c":{"a":0,"k":[0,0,0,1],"ix":3},"o":{"a":0,"k":100,"ix":4},"w":{"a":0,"k":2,"ix":5},"lc":2,"lj":2,"bm":0,"nm":"Stroke 1","mn":"ADBE Vector Graphic - Stroke","hd":false},{"ty":"tr","p":{"a":1,"k":[{"i":{"x":0.7,"y":1},"o":{"x":0.7,"y":0},"t":0,"s":[12.625,11.75],"to":[2.5,0],"ti":[-2.5,0]},{"t":15.0001525878906,"s":[27.625,11.75]}],"ix":2},"a":{"a":0,"k":[0,0],"ix":1},"s":{"a":0,"k":[100,100],"ix":3},"r":{"a":0,"k":0,"ix":6},"o":{"a":0,"k":100,"ix":7},"sk":{"a":0,"k":0,"ix":4},"sa":{"a":0,"k":0,"ix":5},"nm":"Transform"}],"nm":"arrowRight","np":2,"cix":2,"bm":0,"ix":2,"mn":"ADBE Vector Group","hd":false}],"ip":0,"op":30.0003051757812,"st":0,"bm":0},{"ddd":0,"ind":2,"ty":4,"nm":"youtube","sr":1,"ks":{"o":{"a":0,"k":100,"ix":11},"r":{"a":0,"k":0,"ix":10},"p":{"a":0,"k":[16,16,0],"ix":2},"a":{"a":0,"k":[12,12,0],"ix":1},"s":{"a":0,"k":[100,100,100],"ix":6}},"ao":0,"shapes":[{"ty":"gr","it":[{"ind":0,"ty":"sh","ix":1,"ks":{"a":1,"k":[{"i":{"x":0.833,"y":0.833},"o":{"x":0.167,"y":0.167},"t":8,"s":[{"i":[[0.317,1.759],[0.959,0.271],[0,0],[1.72,-0.46],[0.242,-0.966],[-0.009,-1.774],[-0.317,-1.759],[-0.938,-0.257],[0,0],[-1.72,0.46],[-0.242,0.966],[0.006,1.761]],"o":[[-0.242,-0.966],[-1.72,-0.42],[0,0],[-0.958,0.271],[-0.315,1.746],[-0.011,1.787],[0.267,0.936],[1.72,0.46],[0,0],[0.959,-0.271],[0.312,-1.732],[0.011,-1.787]],"v":[[10.54,-5.31],[8.6,-7.31],[0,-7.73],[-8.6,-7.27],[-10.54,-5.27],[-11,0.02],[-10.54,5.35],[-8.6,7.27],[0,7.73],[8.6,7.27],[10.54,5.27],[11,0.02]],"c":true}]},{"i":{"x":0.833,"y":0.833},"o":{"x":0.167,"y":0.167},"t":10,"s":[{"i":[[0.835,1.58],[0.959,0.271],[0,0],[1.72,-0.46],[0.242,-0.966],[-0.009,-1.774],[-0.317,-1.759],[-0.938,-0.257],[0,0],[-1.72,0.46],[-0.242,0.966],[0.006,1.761]],"o":[[-0.242,-0.966],[-1.72,-0.42],[0,0],[-0.958,0.271],[-0.315,1.746],[-0.011,1.787],[0.267,0.936],[1.72,0.46],[0,0],[0.959,-0.271],[0.835,-2.125],[0.011,-1.787]],"v":[[10.54,-5.31],[8.6,-7.31],[0,-7.73],[-8.6,-7.27],[-10.54,-5.27],[-11,0.02],[-10.54,5.35],[-8.6,7.27],[0,7.73],[8.6,7.27],[10.54,5.27],[11.625,0.02]],"c":true}]},{"i":{"x":0.833,"y":0.833},"o":{"x":0.167,"y":0.167},"t":11,"s":[{"i":[[1.085,1.455],[0.959,0.271],[0,0],[1.72,-0.46],[0.242,-0.966],[-0.009,-1.774],[-0.317,-1.759],[-0.938,-0.257],[0,0],[-1.72,0.46],[-0.242,0.966],[0.006,1.761]],"o":[[-0.242,-0.966],[-1.72,-0.42],[0,0],[-0.958,0.271],[-0.315,1.746],[-0.011,1.787],[0.267,0.936],[1.72,0.46],[0,0],[0.959,-0.271],[1.335,-2.25],[0.011,-1.787]],"v":[[10.54,-5.31],[8.6,-7.31],[0,-7.73],[-8.6,-7.27],[-10.54,-5.27],[-11,0.02],[-10.54,5.35],[-8.6,7.27],[0,7.73],[8.6,7.27],[10.54,5.27],[12.25,0.02]],"c":true}]},{"i":{"x":0.833,"y":0.833},"o":{"x":0.167,"y":0.167},"t":13,"s":[{"i":[[0.835,1.58],[0.959,0.271],[0,0],[1.72,-0.46],[0.242,-0.966],[-0.009,-1.774],[-0.317,-1.759],[-0.938,-0.257],[0,0],[-1.72,0.46],[-0.242,0.966],[0.006,1.761]],"o":[[-0.242,-0.966],[-1.72,-0.42],[0,0],[-0.958,0.271],[-0.315,1.746],[-0.011,1.787],[0.267,0.936],[1.72,0.46],[0,0],[0.959,-0.271],[0.835,-2.125],[0.011,-1.787]],"v":[[10.54,-5.31],[8.6,-7.31],[0,-7.73],[-8.6,-7.27],[-10.54,-5.27],[-11,0.02],[-10.54,5.35],[-8.6,7.27],[0,7.73],[8.6,7.27],[10.54,5.27],[11.625,0.02]],"c":true}]},{"i":{"x":0.833,"y":0.833},"o":{"x":0.167,"y":0.167},"t":15,"s":[{"i":[[0.317,1.759],[0.959,0.271],[0,0],[1.72,-0.46],[0.242,-0.966],[-0.009,-1.774],[-0.317,-1.759],[-0.938,-0.257],[0,0],[-1.72,0.46],[-0.242,0.966],[0.006,1.761]],"o":[[-0.242,-0.966],[-1.72,-0.42],[0,0],[-0.958,0.271],[-0.315,1.746],[-0.011,1.787],[0.267,0.936],[1.72,0.46],[0,0],[0.959,-0.271],[0.312,-1.732],[0.011,-1.787]],"v":[[10.54,-5.31],[8.6,-7.31],[0,-7.73],[-8.6,-7.27],[-10.54,-5.27],[-11,0.02],[-10.54,5.35],[-8.6,7.27],[0,7.73],[8.6,7.27],[10.54,5.27],[10.375,0.02]],"c":true}]},{"i":{"x":0.833,"y":0.833},"o":{"x":0.167,"y":0.167},"t":18,"s":[{"i":[[0.317,1.759],[0.959,0.271],[0,0],[1.72,-0.46],[0.242,-0.966],[-0.009,-1.774],[-0.317,-1.759],[-0.938,-0.257],[0,0],[-1.72,0.46],[-0.242,0.966],[0.006,1.761]],"o":[[-0.242,-0.966],[-1.72,-0.42],[0,0],[-0.958,0.271],[-0.315,1.746],[-0.011,1.787],[0.267,0.936],[1.72,0.46],[0,0],[0.959,-0.271],[0.312,-1.732],[0.011,-1.787]],"v":[[10.54,-5.31],[8.6,-7.31],[0,-7.73],[-8.6,-7.27],[-10.29,-5.27],[-9.125,0.02],[-10.29,5.35],[-8.6,7.27],[0,7.73],[8.6,7.27],[10.54,5.27],[11.312,0.02]],"c":true}]},{"i":{"x":0.833,"y":0.833},"o":{"x":0.167,"y":0.167},"t":19,"s":[{"i":[[0.317,1.759],[0.959,0.271],[0,0],[1.72,-0.46],[0.242,-0.966],[-0.009,-1.774],[-0.406,-1.783],[-0.938,-0.257],[0,0],[-1.72,0.46],[-0.242,0.966],[0.006,1.761]],"o":[[-0.242,-0.966],[-1.72,-0.42],[0,0],[-0.958,0.271],[-0.447,1.802],[-0.011,1.787],[0.267,0.936],[1.72,0.46],[0,0],[0.959,-0.271],[0.312,-1.732],[0.011,-1.787]],"v":[[10.54,-5.31],[8.6,-7.31],[0,-7.73],[-8.6,-7.27],[-9.998,-5.27],[-8,0.02],[-9.998,5.35],[-8.6,7.27],[0,7.73],[8.6,7.27],[10.54,5.27],[11.208,0.02]],"c":true}]},{"i":{"x":0.833,"y":0.833},"o":{"x":0.167,"y":0.167},"t":21,"s":[{"i":[[0.317,1.759],[0.959,0.271],[0,0],[1.72,-0.46],[0.242,-0.966],[-0.009,-1.774],[-0.585,-1.83],[-0.938,-0.257],[0,0],[-1.72,0.46],[-0.242,0.966],[0.006,1.761]],"o":[[-0.242,-0.966],[-1.72,-0.42],[0,0],[-0.958,0.271],[-0.71,1.915],[-0.011,1.787],[0.267,0.936],[1.72,0.46],[0,0],[0.959,-0.271],[0.312,-1.732],[0.011,-1.787]],"v":[[10.54,-5.31],[8.6,-7.31],[0,-7.73],[-8.6,-7.27],[-10.54,-5.27],[-11.375,0.02],[-10.54,5.35],[-8.6,7.27],[0,7.73],[8.6,7.27],[10.54,5.27],[11,0.02]],"c":true}]},{"i":{"x":0.833,"y":0.833},"o":{"x":0.167,"y":0.167},"t":23,"s":[{"i":[[0.317,1.759],[0.959,0.271],[0,0],[1.72,-0.46],[0.242,-0.966],[-0.009,-1.774],[-0.317,-1.759],[-0.938,-0.257],[0,0],[-1.72,0.46],[-0.242,0.966],[0.006,1.761]],"o":[[-0.242,-0.966],[-1.72,-0.42],[0,0],[-0.958,0.271],[-0.315,1.746],[-0.011,1.787],[0.267,0.936],[1.72,0.46],[0,0],[0.959,-0.271],[0.312,-1.732],[0.011,-1.787]],"v":[[10.54,-5.31],[8.6,-7.31],[0,-7.73],[-8.6,-7.27],[-10.415,-5.27],[-10.5,0.02],[-10.415,5.35],[-8.6,7.27],[0,7.73],[8.6,7.27],[10.54,5.27],[11,0.02]],"c":true}]},{"t":26.0002644856771,"s":[{"i":[[0.317,1.759],[0.959,0.271],[0,0],[1.72,-0.46],[0.242,-0.966],[-0.009,-1.774],[-0.317,-1.759],[-0.938,-0.257],[0,0],[-1.72,0.46],[-0.242,0.966],[0.006,1.761]],"o":[[-0.242,-0.966],[-1.72,-0.42],[0,0],[-0.958,0.271],[-0.315,1.746],[-0.011,1.787],[0.267,0.936],[1.72,0.46],[0,0],[0.959,-0.271],[0.312,-1.732],[0.011,-1.787]],"v":[[10.54,-5.31],[8.6,-7.31],[0,-7.73],[-8.6,-7.27],[-10.54,-5.27],[-11,0.02],[-10.54,5.35],[-8.6,7.27],[0,7.73],[8.6,7.27],[10.54,5.27],[11,0.02]],"c":true}]}],"ix":2},"nm":"Path 1","mn":"ADBE Vector Shape - Group","hd":false},{"ty":"st","c":{"a":0,"k":[0,0,0,1],"ix":3},"o":{"a":0,"k":100,"ix":4},"w":{"a":0,"k":2,"ix":5},"lc":2,"lj":2,"bm":0,"nm":"Stroke 1","mn":"ADBE Vector Graphic - Stroke","hd":false},{"ty":"tr","p":{"a":0,"k":[12,11.73],"ix":2},"a":{"a":0,"k":[0,0],"ix":1},"s":{"a":0,"k":[100,100],"ix":3},"r":{"a":0,"k":0,"ix":6},"o":{"a":0,"k":100,"ix":7},"sk":{"a":0,"k":0,"ix":4},"sa":{"a":0,"k":0,"ix":5},"nm":"Transform"}],"nm":"youtube","np":2,"cix":2,"bm":0,"ix":1,"mn":"ADBE Vector Group","hd":false}],"ip":0,"op":30.0003051757812,"st":0,"bm":0},{"ddd":0,"ind":3,"ty":4,"nm":"youtubeBackground","sr":1,"ks":{"o":{"a":0,"k":100,"ix":11},"r":{"a":0,"k":0,"ix":10},"p":{"a":0,"k":[16,16,0],"ix":2},"a":{"a":0,"k":[12,12,0],"ix":1},"s":{"a":0,"k":[100,100,100],"ix":6}},"ao":0,"hasMask":true,"masksProperties":[{"inv":true,"mode":"a","pt":{"a":1,"k":[{"i":{"x":0.833,"y":0.833},"o":{"x":0.167,"y":0.167},"t":24,"s":[{"i":[[0,0],[0,0],[0,0]],"o":[[0,0],[0,0],[0,0]],"v":[[7.812,9],[7.687,14.585],[15.126,11.71]],"c":true}]},{"t":28.0002848307292,"s":[{"i":[[0,0],[0,0],[0,0]],"o":[[0,0],[0,0],[0,0]],"v":[[9.687,9],[9.562,14.585],[15.126,11.71]],"c":true}]}],"ix":1},"o":{"a":0,"k":100,"ix":3},"x":{"a":0,"k":0,"ix":4},"nm":"Mask 1"}],"shapes":[{"ty":"gr","it":[{"ind":0,"ty":"sh","ix":1,"ks":{"a":1,"k":[{"i":{"x":0.833,"y":0.833},"o":{"x":0.167,"y":0.167},"t":8,"s":[{"i":[[0.317,1.759],[0.959,0.271],[0,0],[1.72,-0.46],[0.242,-0.966],[-0.009,-1.774],[-0.317,-1.759],[-0.938,-0.257],[0,0],[-1.72,0.46],[-0.242,0.966],[0.006,1.761]],"o":[[-0.242,-0.966],[-1.72,-0.42],[0,0],[-0.958,0.271],[-0.315,1.746],[-0.011,1.787],[0.267,0.936],[1.72,0.46],[0,0],[0.959,-0.271],[0.312,-1.732],[0.011,-1.787]],"v":[[10.54,-5.31],[8.6,-7.31],[0,-7.73],[-8.6,-7.27],[-10.54,-5.27],[-11,0.02],[-10.54,5.35],[-8.6,7.27],[0,7.73],[8.6,7.27],[10.54,5.27],[11,0.02]],"c":true}]},{"i":{"x":0.833,"y":0.833},"o":{"x":0.167,"y":0.167},"t":10,"s":[{"i":[[0.835,1.58],[0.959,0.271],[0,0],[1.72,-0.46],[0.242,-0.966],[-0.009,-1.774],[-0.317,-1.759],[-0.938,-0.257],[0,0],[-1.72,0.46],[-0.242,0.966],[0.006,1.761]],"o":[[-0.242,-0.966],[-1.72,-0.42],[0,0],[-0.958,0.271],[-0.315,1.746],[-0.011,1.787],[0.267,0.936],[1.72,0.46],[0,0],[0.959,-0.271],[0.835,-2.125],[0.011,-1.787]],"v":[[10.54,-5.31],[8.6,-7.31],[0,-7.73],[-8.6,-7.27],[-10.54,-5.27],[-11,0.02],[-10.54,5.35],[-8.6,7.27],[0,7.73],[8.6,7.27],[10.54,5.27],[11.625,0.02]],"c":true}]},{"i":{"x":0.833,"y":0.833},"o":{"x":0.167,"y":0.167},"t":11,"s":[{"i":[[1.085,1.455],[0.959,0.271],[0,0],[1.72,-0.46],[0.242,-0.966],[-0.009,-1.774],[-0.317,-1.759],[-0.938,-0.257],[0,0],[-1.72,0.46],[-0.242,0.966],[0.006,1.761]],"o":[[-0.242,-0.966],[-1.72,-0.42],[0,0],[-0.958,0.271],[-0.315,1.746],[-0.011,1.787],[0.267,0.936],[1.72,0.46],[0,0],[0.959,-0.271],[1.335,-2.25],[0.011,-1.787]],"v":[[10.54,-5.31],[8.6,-7.31],[0,-7.73],[-8.6,-7.27],[-10.54,-5.27],[-11,0.02],[-10.54,5.35],[-8.6,7.27],[0,7.73],[8.6,7.27],[10.54,5.27],[12.25,0.02]],"c":true}]},{"i":{"x":0.833,"y":0.833},"o":{"x":0.167,"y":0.167},"t":13,"s":[{"i":[[0.835,1.58],[0.959,0.271],[0,0],[1.72,-0.46],[0.242,-0.966],[-0.009,-1.774],[-0.317,-1.759],[-0.938,-0.257],[0,0],[-1.72,0.46],[-0.242,0.966],[0.006,1.761]],"o":[[-0.242,-0.966],[-1.72,-0.42],[0,0],[-0.958,0.271],[-0.315,1.746],[-0.011,1.787],[0.267,0.936],[1.72,0.46],[0,0],[0.959,-0.271],[0.835,-2.125],[0.011,-1.787]],"v":[[10.54,-5.31],[8.6,-7.31],[0,-7.73],[-8.6,-7.27],[-10.54,-5.27],[-11,0.02],[-10.54,5.35],[-8.6,7.27],[0,7.73],[8.6,7.27],[10.54,5.27],[11.625,0.02]],"c":true}]},{"i":{"x":0.833,"y":0.833},"o":{"x":0.167,"y":0.167},"t":15,"s":[{"i":[[0.317,1.759],[0.959,0.271],[0,0],[1.72,-0.46],[0.242,-0.966],[-0.009,-1.774],[-0.317,-1.759],[-0.938,-0.257],[0,0],[-1.72,0.46],[-0.242,0.966],[0.006,1.761]],"o":[[-0.242,-0.966],[-1.72,-0.42],[0,0],[-0.958,0.271],[-0.315,1.746],[-0.011,1.787],[0.267,0.936],[1.72,0.46],[0,0],[0.959,-0.271],[0.312,-1.732],[0.011,-1.787]],"v":[[10.54,-5.31],[8.6,-7.31],[0,-7.73],[-8.6,-7.27],[-10.54,-5.27],[-11,0.02],[-10.54,5.35],[-8.6,7.27],[0,7.73],[8.6,7.27],[10.54,5.27],[10.375,0.02]],"c":true}]},{"i":{"x":0.833,"y":0.833},"o":{"x":0.167,"y":0.167},"t":18,"s":[{"i":[[0.317,1.759],[0.959,0.271],[0,0],[1.72,-0.46],[0.242,-0.966],[-0.009,-1.774],[-0.317,-1.759],[-0.938,-0.257],[0,0],[-1.72,0.46],[-0.242,0.966],[0.006,1.761]],"o":[[-0.242,-0.966],[-1.72,-0.42],[0,0],[-0.958,0.271],[-0.315,1.746],[-0.011,1.787],[0.267,0.936],[1.72,0.46],[0,0],[0.959,-0.271],[0.312,-1.732],[0.011,-1.787]],"v":[[10.54,-5.31],[8.6,-7.31],[0,-7.73],[-8.6,-7.27],[-10.29,-5.27],[-9.125,0.02],[-10.29,5.35],[-8.6,7.27],[0,7.73],[8.6,7.27],[10.54,5.27],[11.312,0.02]],"c":true}]},{"i":{"x":0.833,"y":0.833},"o":{"x":0.167,"y":0.167},"t":19,"s":[{"i":[[0.317,1.759],[0.959,0.271],[0,0],[1.72,-0.46],[0.242,-0.966],[-0.009,-1.774],[-0.406,-1.783],[-0.938,-0.257],[0,0],[-1.72,0.46],[-0.242,0.966],[0.006,1.761]],"o":[[-0.242,-0.966],[-1.72,-0.42],[0,0],[-0.958,0.271],[-0.447,1.802],[-0.011,1.787],[0.267,0.936],[1.72,0.46],[0,0],[0.959,-0.271],[0.312,-1.732],[0.011,-1.787]],"v":[[10.54,-5.31],[8.6,-7.31],[0,-7.73],[-8.6,-7.27],[-9.998,-5.27],[-8,0.02],[-9.998,5.35],[-8.6,7.27],[0,7.73],[8.6,7.27],[10.54,5.27],[11.208,0.02]],"c":true}]},{"i":{"x":0.833,"y":0.833},"o":{"x":0.167,"y":0.167},"t":21,"s":[{"i":[[0.317,1.759],[0.959,0.271],[0,0],[1.72,-0.46],[0.242,-0.966],[-0.009,-1.774],[-0.585,-1.83],[-0.938,-0.257],[0,0],[-1.72,0.46],[-0.242,0.966],[0.006,1.761]],"o":[[-0.242,-0.966],[-1.72,-0.42],[0,0],[-0.958,0.271],[-0.71,1.915],[-0.011,1.787],[0.267,0.936],[1.72,0.46],[0,0],[0.959,-0.271],[0.312,-1.732],[0.011,-1.787]],"v":[[10.54,-5.31],[8.6,-7.31],[0,-7.73],[-8.6,-7.27],[-10.54,-5.27],[-11.375,0.02],[-10.54,5.35],[-8.6,7.27],[0,7.73],[8.6,7.27],[10.54,5.27],[11,0.02]],"c":true}]},{"i":{"x":0.833,"y":0.833},"o":{"x":0.167,"y":0.167},"t":23,"s":[{"i":[[0.317,1.759],[0.959,0.271],[0,0],[1.72,-0.46],[0.242,-0.966],[-0.009,-1.774],[-0.317,-1.759],[-0.938,-0.257],[0,0],[-1.72,0.46],[-0.242,0.966],[0.006,1.761]],"o":[[-0.242,-0.966],[-1.72,-0.42],[0,0],[-0.958,0.271],[-0.315,1.746],[-0.011,1.787],[0.267,0.936],[1.72,0.46],[0,0],[0.959,-0.271],[0.312,-1.732],[0.011,-1.787]],"v":[[10.54,-5.31],[8.6,-7.31],[0,-7.73],[-8.6,-7.27],[-10.415,-5.27],[-10.5,0.02],[-10.415,5.35],[-8.6,7.27],[0,7.73],[8.6,7.27],[10.54,5.27],[11,0.02]],"c":true}]},{"t":26.0002644856771,"s":[{"i":[[0.317,1.759],[0.959,0.271],[0,0],[1.72,-0.46],[0.242,-0.966],[-0.009,-1.774],[-0.317,-1.759],[-0.938,-0.257],[0,0],[-1.72,0.46],[-0.242,0.966],[0.006,1.761]],"o":[[-0.242,-0.966],[-1.72,-0.42],[0,0],[-0.958,0.271],[-0.315,1.746],[-0.011,1.787],[0.267,0.936],[1.72,0.46],[0,0],[0.959,-0.271],[0.312,-1.732],[0.011,-1.787]],"v":[[10.54,-5.31],[8.6,-7.31],[0,-7.73],[-8.6,-7.27],[-10.54,-5.27],[-11,0.02],[-10.54,5.35],[-8.6,7.27],[0,7.73],[8.6,7.27],[10.54,5.27],[11,0.02]],"c":true}]}],"ix":2},"nm":"Path 1","mn":"ADBE Vector Shape - Group","hd":false},{"ty":"fl","c":{"a":0,"k":[0,0,0,1],"ix":4},"o":{"a":1,"k":[{"i":{"x":[0.833],"y":[0.833]},"o":{"x":[0.167],"y":[0.167]},"t":23,"s":[0]},{"t":29.0002950032552,"s":[100]}],"ix":5},"r":1,"bm":0,"nm":"Fill 1","mn":"ADBE Vector Graphic - Fill","hd":false},{"ty":"tr","p":{"a":0,"k":[12,11.73],"ix":2},"a":{"a":0,"k":[0,0],"ix":1},"s":{"a":0,"k":[100,100],"ix":3},"r":{"a":0,"k":0,"ix":6},"o":{"a":0,"k":100,"ix":7},"sk":{"a":0,"k":0,"ix":4},"sa":{"a":0,"k":0,"ix":5},"nm":"Transform"}],"nm":"youtube","np":2,"cix":2,"bm":0,"ix":1,"mn":"ADBE Vector Group","hd":false}],"ip":0,"op":30.0003051757812,"st":0,"bm":0}],"markers":[]}